merchant_id,nom_marchand,categorie,region,chiffre_affaires_total,nombre_transactions,clients_uniques,montant_moyen_transaction,commission_totale,rang_categorie,rang_region,ca_jeune,ca_adulte,ca_age_moyen,ca_senior
M00262,CarParts 63,Automotive,Grand Est,549507.47,404,375,1360.167004950495,17034.731569999996,1,1,39413.350000000006,168808.03,199064.05000000005,142222.04
M00229,AutoCenter 30,Automotive,Nouvelle-Aquitaine,408452.27000000014,323,297,1264.5581114551087,19197.25669,2,1,48617.090000000004,136233.01,120698.4,102903.76999999999
M00305,AutoShop 6,Automotive,Occitanie,406358.41000000003,319,301,1273.850815047022,21211.909002000004,3,1,52431.34,128222.04000000001,94957.44999999998,130747.58000000002
M00115,DigitalHub 16,Electronics,Grand Est,384945.06000000006,245,229,1571.2043265306124,37532.143350000006,1,2,26872.370000000003,97892.04000000001,135853.22,124327.43000000002
M00283,AutoShop 84,Automotive,Grand Est,377655.6499999999,312,300,1210.4347756410255,18203.002330000003,4,3,45911.630000000005,107980.29999999999,106434.04999999999,117329.67
M00024,CarParts 25,Automotive,Ile-de-France,363430.6099999999,348,329,1044.3408333333332,35543.51365800001,5,1,39566.47,96881.14000000001,115342.59,111640.41
M00126,AutoShop 27,Automotive,Pays de la Loire,359904.33999999997,323,311,1114.254922600619,26560.940292000007,6,1,34575.47,119713.77000000002,97285.78000000001,108329.32
M00273,DigitalHub 74,Electronics,Ile-de-France,355543.2,263,257,1351.8752851711026,32674.420079999996,2,2,31438.649999999994,97469.69999999998,115180.48000000001,111454.37000000002
M00141,TechStore 42,Electronics,Bretagne,338215.95999999996,221,218,1530.3889592760179,22931.042088000002,3,1,34745.23,99733.10999999999,116602.32999999999,87135.29000000001
M00284,TechStore 85,Electronics,Bretagne,334984.29,272,259,1231.5598897058824,27234.222777,4,2,34801.990000000005,95502.67,112342.92000000001,92336.70999999999
M00275,MotorHub 76,Automotive,Auvergne-Rhône-Alpes,334009.99,265,252,1260.4150566037736,7882.635763999999,7,1,36771.91,101256.91,97844.82999999999,98136.34000000001
M00080,MotorHub 81,Automotive,Bretagne,307285.58999999997,284,271,1081.991514084507,5008.755117,8,3,24687.219999999994,91726.19,87689.12999999998,103183.04999999999
M00349,GadgetShop 50,Electronics,Normandie,306528.51,279,269,1098.668494623656,20016.311703,5,1,33028.03,95668.68,92508.95000000001,85322.85000000002
M00263,CarParts 64,Automotive,Occitanie,300509.7100000001,227,218,1323.8313215859034,18391.194252,9,2,36902.12,89638.04999999999,88402.35,85567.19
M00185,TechStore 86,Electronics,Pays de la Loire,297834.16000000003,231,226,1289.325367965368,8518.056976,6,2,30058.59999999999,81439.72,116923.14000000001,69412.70000000001
M00287,AutoShop 88,Automotive,Pays de la Loire,295240.49,220,210,1342.0022272727272,29228.808510000003,10,3,28571.17,109407.97,91600.79999999999,65660.55000000002
M00386,TechStore 87,Electronics,Hauts-de-France,295082.17,211,206,1398.4936966824644,16672.142605,7,1,20539.270000000004,98895.38,85868.66,89778.86000000002
M00116,GadgetShop 17,Electronics,Provence-Alpes-Côte d'Azur,291935.01,250,242,1167.7400400000001,20610.611706000003,8,1,22039.370000000003,74647.93000000001,94507.08999999997,100740.62
M00144,TechStore 45,Electronics,Auvergne-Rhône-Alpes,291610.51999999996,277,267,1052.7455595667868,17175.859628000002,9,2,24356.32,82162.99,96075.57,89015.64
M00027,TechStore 28,Electronics,Normandie,291182.31000000006,229,220,1271.5384716157207,13307.031567,10,2,25341.79,87545.66,99231.89000000001,79062.97
M00465,TechStore 66,Electronics,Normandie,287934.59,282,276,1021.044645390071,7428.712421999999,11,3,41107.62,83963.35999999999,98644.31,64219.3
M00456,TechStore 57,Electronics,Bretagne,286602.62,226,223,1268.153185840708,19546.298684,12,4,30061.379999999997,84733.87000000001,87491.83000000002,84315.54
M00094,GadgetShop 95,Electronics,Ile-de-France,285622.54000000004,285,269,1002.1843508771931,6854.94096,13,3,28132.64,96046.15999999997,85116.23999999999,76327.5
M00492,CarParts 93,Automotive,Pays de la Loire,280787.77999999997,244,240,1150.7695901639343,26000.948428000003,11,4,23390.47,82352.22,86867.03,88178.05999999998
M00345,AutoShop 46,Automotive,Bretagne,276435.57,207,199,1335.437536231884,11776.155281999996,12,5,35339.05,89969.48999999999,66837.74,84289.29
M00477,AutoShop 78,Automotive,Grand Est,275093.98,179,177,1536.8378770949719,15625.338064000001,13,4,18885.87,71494.01000000001,107406.48999999999,77307.61
M00481,AutoCenter 82,Automotive,Auvergne-Rhône-Alpes,273924.19,246,236,1113.512967479675,16106.742372,14,3,19557.07,87796.54999999999,100485.97000000002,66084.59999999999
M00468,AutoShop 69,Automotive,Provence-Alpes-Côte d'Azur,271991.81,254,243,1070.8338976377952,5059.0476659999995,15,2,42949.67999999999,81858.20000000001,74459.40999999999,72724.51999999999
M00438,AutoShop 39,Automotive,Ile-de-France,266650.74,311,301,857.3978778135048,15865.71903,16,4,34868.7,67684.41,86500.71000000002,77596.92000000001
M00140,GadgetShop 41,Electronics,Normandie,263287.57999999996,260,252,1012.6445384615383,5950.299308,14,4,26768.61,82050.65000000001,81948.24999999999,72520.07
M00411,ElectroWorld 12,Electronics,Nouvelle-Aquitaine,261792.13,198,194,1322.1824747474748,25995.958509,15,2,39823.07000000001,77175.87,71313.64000000001,73479.55
M00159,DigitalHub 60,Electronics,Occitanie,257979.6,229,220,1126.5484716157205,7842.579840000002,16,3,28862.28,89496.68999999999,65898.66,73721.97
M00303,CarParts 4,Automotive,Nouvelle-Aquitaine,257193.83000000002,191,186,1346.5645549738222,12679.655819,17,3,31809.819999999996,94408.37000000001,75599.57,55376.07
M00399,AutoShop 100,Automotive,Bretagne,253984.18,231,223,1099.4986147186146,17931.283107999996,18,6,33170.42,62532.710000000014,101884.36,56396.69
M00012,GadgetShop 13,Electronics,Hauts-de-France,251697.55000000005,198,189,1271.1997474747477,13138.612110000002,17,2,17570.879999999997,92062.15,70035.16,72029.36000000002
M00426,ElectroWorld 27,Electronics,Ile-de-France,249907.71000000002,252,242,991.697261904762,24191.066328000004,18,5,27038.379999999997,54705.840000000004,80304.71,87858.78
M00045,AutoShop 46,Automotive,Auvergne-Rhône-Alpes,247208.34000000003,181,177,1365.7919337016576,14016.712877999998,19,4,16829.2,74877.25,83718.16,71783.73000000001
M00346,GadgetShop 47,Electronics,Nouvelle-Aquitaine,246860.60999999996,178,174,1386.8573595505616,21131.268215999997,19,4,25986.62,70521.9,87696.38999999998,62655.69999999999
M00459,ElectroWorld 60,Electronics,Hauts-de-France,244966.82999999996,203,196,1206.7331527093595,5217.793479000001,20,3,5941.789999999999,95598.0,75120.95999999999,68306.08
M00031,DigitalHub 32,Electronics,Nouvelle-Aquitaine,244706.25000000006,225,214,1087.5833333333335,9127.543125,21,5,27708.520000000004,62042.590000000004,83050.75,71904.39
M00069,GadgetShop 70,Electronics,Hauts-de-France,238038.36000000004,190,188,1252.8334736842107,17948.092343999997,22,4,23351.91,72842.41,75380.86000000002,66463.18
M00499,AutoCenter 100,Automotive,Ile-de-France,235304.62999999998,219,211,1074.4503652968035,12894.693724000002,20,6,28833.870000000003,74297.73999999999,61872.04,70300.98
M00011,ElectroWorld 12,Electronics,Provence-Alpes-Côte d'Azur,234776.53000000003,191,185,1229.196492146597,11574.482929,23,3,24073.9,79999.85999999999,68775.69,61927.08
M00458,DigitalHub 59,Electronics,Ile-de-France,234306.0,193,185,1214.020725388601,16213.9752,24,7,13449.49,88705.5,86459.59999999998,45691.40999999999
M00193,CarParts 94,Automotive,Nouvelle-Aquitaine,232126.7,266,255,872.6567669172932,23003.75597,21,6,19819.350000000002,76029.35,52466.759999999995,83811.24000000002
M00418,GadgetShop 19,Electronics,Occitanie,229983.15000000002,170,164,1352.8420588235294,8693.36307,25,4,27148.39,55491.049999999996,69634.1,77709.61
M00105,TechStore 6,Electronics,Occitanie,225935.53999999998,225,218,1004.1579555555554,6891.03397,26,5,15698.829999999998,65485.26,88422.36000000002,56329.09
M00408,TechStore 9,Electronics,Provence-Alpes-Côte d'Azur,221886.86999999997,180,174,1232.7048333333332,6279.398421,27,4,28845.559999999998,63269.030000000006,74912.99,54859.28999999999
M00460,GadgetShop 61,Electronics,Grand Est,219720.35000000003,191,184,1150.3683246073301,7031.0512,28,5,12150.630000000001,69166.94,70657.36,67745.42000000001
M00192,ElectroWorld 93,Electronics,Occitanie,219451.36,153,151,1434.3226143790848,13232.917008,29,6,26137.450000000004,68277.81000000001,74148.18,50887.92
M00208,GadgetShop 9,Electronics,Normandie,218795.09000000003,198,195,1105.0257070707073,13455.898035000002,30,5,19481.29,72353.18000000002,73254.47999999998,53706.14
M00247,CarParts 48,Automotive,Occitanie,218458.8,122,119,1790.6459016393442,14745.969000000001,22,7,26692.08,69821.02,62964.38,58981.32000000001
M00248,CarParts 49,Automotive,Auvergne-Rhône-Alpes,213643.21000000002,176,170,1213.881875,13779.987045000002,23,5,15162.45,75959.76999999999,60555.59999999999,61965.390000000014
M00201,TechStore 2,Electronics,Auvergne-Rhône-Alpes,210728.68,155,148,1359.539870967742,10662.871208,31,6,20385.09,67186.45999999999,59315.18000000001,63841.95
M00417,CarParts 18,Automotive,Nouvelle-Aquitaine,208260.92,163,161,1277.674355828221,12641.437844000002,24,7,14295.64,72349.09,61833.75000000001,59782.44
M00340,TechStore 41,Electronics,Normandie,208027.58000000002,205,197,1014.7686829268293,2725.161298,32,6,21483.71,57284.90000000001,67454.76000000001,61804.20999999999
M00464,AutoCenter 65,Automotive,Bretagne,207651.88999999998,238,227,872.4869327731092,17131.280925,25,7,23543.22,64815.649999999994,72123.37999999999,47169.64
M00269,AutoShop 70,Automotive,Nouvelle-Aquitaine,205834.78999999995,160,158,1286.4674374999997,13502.762224000002,26,8,30274.43,67201.38,52889.88999999999,55469.09
M00050,CarParts 51,Automotive,Provence-Alpes-Côte d'Azur,205795.15000000002,154,150,1336.332142857143,7429.204915,27,5,24115.71,66348.20000000001,49861.73000000001,65469.51000000001
M00053,MotorHub 54,Automotive,Occitanie,204174.62,166,160,1229.9675903614457,6880.684694,28,8,23165.18,66128.78,70874.69,44005.97
M00268,GadgetShop 69,Electronics,Normandie,203676.83,194,192,1049.8805670103093,12852.007973,33,7,17573.83,68718.22000000002,64471.020000000004,52913.759999999995
M00216,AutoCenter 17,Automotive,Pays de la Loire,203102.23999999993,216,210,940.2881481481478,7900.677136,29,5,20048.339999999997,52556.63,62134.15999999999,68363.11
M00004,GardenWorld 5,Home & Garden,Grand Est,202755.18,312,294,649.8563461538462,15713.526449999998,1,6,25133.0,62771.30999999999,56897.03999999999,57953.830000000016
M00357,MotorHub 58,Automotive,Grand Est,202254.47000000003,212,203,954.0305188679247,17272.531737999998,30,7,14379.019999999999,62907.53,62841.32000000001,62126.59999999999
M00301,ElectroWorld 2,Electronics,Nouvelle-Aquitaine,200951.28,181,172,1110.2280662983426,11876.220648,34,9,17693.129999999997,64479.71000000001,58190.47,60587.97
M00365,HomeCenter 66,Home & Garden,Hauts-de-France,199930.83999999997,279,266,716.5979928315411,4178.554555999999,2,5,16048.109999999999,63799.45999999999,59459.84,60623.43000000001
M00244,TechStore 45,Electronics,Grand Est,196333.22000000003,160,155,1227.0826250000002,12938.359197999998,35,8,27298.43,62876.490000000005,59624.840000000004,46533.45999999999
M00014,CarParts 15,Automotive,Nouvelle-Aquitaine,195648.27000000002,134,129,1460.0617164179105,5106.419847,31,10,23150.15,66994.51,51132.47,54371.140000000014
M00343,CarParts 44,Automotive,Hauts-de-France,195334.52999999997,227,219,860.5045374449338,6895.308909000001,32,6,32330.410000000003,46558.969999999994,71393.83,45051.31999999999
M00235,CarParts 36,Automotive,Auvergne-Rhône-Alpes,195075.13999999998,201,195,970.5230845771143,12133.673707999998,33,7,37472.96,51279.409999999996,64266.30000000001,42056.47
M00202,HomeCenter 3,Home & Garden,Normandie,190872.08,342,324,558.1054970760233,2691.296328,3,8,18270.17,57919.03,57712.53999999999,56970.34000000002
M00245,DigitalHub 46,Electronics,Hauts-de-France,189964.83000000002,193,188,984.2737305699483,9916.164126000001,36,7,23192.4,54668.490000000005,59479.29,52624.65000000001
M00135,MotorHub 36,Automotive,Provence-Alpes-Côte d'Azur,188199.44,131,128,1436.6369465648854,16053.412231999999,34,6,20181.31,49340.020000000004,62982.34,55695.770000000004
M00001,DigitalHub 2,Electronics,Nouvelle-Aquitaine,184515.05000000002,139,133,1327.446402877698,2638.5652149999996,37,11,33231.66,55280.97,44427.68,51574.74
M00113,DigitalHub 14,Electronics,Provence-Alpes-Côte d'Azur,184113.93999999997,162,158,1136.5058024691357,3406.10789,38,7,31861.65,52055.259999999995,51458.520000000004,48738.509999999995
M00314,TechStore 15,Electronics,Normandie,182196.08000000002,137,133,1329.898394160584,2386.768648,39,9,17444.660000000003,47854.55,60040.64,56856.229999999996
M00254,HomeStyle 55,Home & Garden,Bretagne,179684.52999999997,317,305,566.828170347003,7636.592525,4,8,17746.53,49181.35,61364.19,51392.46
M00114,AutoCenter 15,Automotive,Auvergne-Rhône-Alpes,173645.62999999998,160,157,1085.2851875,3525.006289,35,8,20586.61,55184.28,51253.369999999995,46621.369999999995
M00434,HomeCenter 35,Home & Garden,Bretagne,171684.06,282,271,608.8087234042553,5476.721514000001,5,9,21847.120000000003,47308.350000000006,57613.47,44915.119999999995
M00197,GardenWorld 98,Home & Garden,Provence-Alpes-Côte d'Azur,171679.2,273,262,628.8615384615385,5785.589039999999,6,8,16176.06,52935.399999999994,50826.0,51741.740000000005
M00063,MotorHub 64,Automotive,Normandie,171248.18,175,172,978.5610285714286,8802.156452,36,10,13123.4,57897.399999999994,45550.23,54677.15
M00463,ElectroWorld 64,Electronics,Grand Est,167382.58,124,124,1349.859516129032,10930.082473999999,40,9,21494.0,42192.3,48552.950000000004,55143.33
M00073,DigitalHub 74,Electronics,Ile-de-France,163103.99999999997,158,154,1032.3037974683543,1859.3856,41,8,12779.069999999998,56386.05,55657.4,38281.48
M00250,TechStore 51,Electronics,Hauts-de-France,162844.49000000002,122,119,1334.7909016393444,10878.011932000001,42,8,10427.400000000001,60722.15,43287.88,48407.06
M00097,TechStore 98,Electronics,Nouvelle-Aquitaine,162173.88,118,118,1374.3549152542373,4978.738116,43,12,6849.289999999999,44981.13000000001,60202.340000000004,50141.119999999995
M00164,CarParts 65,Automotive,Grand Est,161684.54000000004,220,209,734.9297272727274,15166.009851999997,37,10,16709.729999999996,49359.03,44731.76000000001,50884.01999999999
M00366,GadgetShop 67,Electronics,Auvergne-Rhône-Alpes,160356.99,110,109,1457.7908181818182,9412.955312999999,44,9,21272.119999999995,34727.73,59081.40000000001,45275.740000000005
M00319,AutoCenter 20,Automotive,Nouvelle-Aquitaine,160013.28,165,160,969.7774545454546,6272.520576,38,13,23769.839999999997,52703.810000000005,43713.08,39826.55
M00195,HomeCenter 96,Home & Garden,Normandie,159365.62,248,243,642.6033064516129,13705.44332,7,11,21202.559999999998,52059.05,42532.04000000001,43571.97
M00087,DecorShop 88,Home & Garden,Nouvelle-Aquitaine,154657.31,267,256,579.240861423221,6851.318833000001,8,14,17702.739999999998,49196.49,46928.009999999995,40830.070000000014
M00363,TechStore 64,Electronics,Nouvelle-Aquitaine,154183.71,152,147,1014.3665131578947,2528.6128440000007,45,15,7517.349999999999,59214.729999999996,51739.11,35712.520000000004
M00304,HomeStyle 5,Home & Garden,Pays de la Loire,153915.3,260,248,591.9819230769231,6556.79178,9,6,16567.97,54255.289999999986,43861.31,39230.729999999996
M00414,AutoCenter 15,Automotive,Bretagne,153909.51999999996,137,133,1123.4271532846712,7895.558375999999,39,10,14697.18,39315.89,51507.45,48389.0
M00217,GadgetShop 18,Electronics,Pays de la Loire,153074.67,86,85,1779.9380232558142,5571.917988000001,46,7,17329.36,40144.38,58707.2,36893.729999999996
M00384,TechStore 85,Electronics,Ile-de-France,148721.88999999998,126,123,1180.3324603174601,14634.233976000003,47,9,19490.5,41513.85,50704.409999999996,37013.130000000005
M00154,DigitalHub 55,Electronics,Occitanie,147721.38,145,137,1018.7681379310345,12319.963092000002,48,9,13474.97,34100.32,54527.47,45618.62000000001
M00219,HomeCenter 20,Home & Garden,Bretagne,145838.66,245,236,595.2598367346939,9596.183828,10,11,15142.76,32874.49,60609.16,37212.25
M00306,GadgetShop 7,Electronics,Auvergne-Rhône-Alpes,145802.41,109,107,1337.6367889908256,8398.218816,49,10,16327.1,44634.36,48191.0,36649.95
M00009,DecorShop 10,Home & Garden,Normandie,143953.30000000002,305,291,471.9780327868853,8349.291400000002,11,12,11618.87,53378.07,47270.54000000001,31685.820000000007
M00085,CarParts 86,Automotive,Nouvelle-Aquitaine,142562.13,151,148,944.1200662251656,10492.572768,40,16,16194.119999999999,40102.770000000004,44232.15000000001,42033.090000000004
M00252,GardenWorld 53,Home & Garden,Bretagne,141395.01,225,221,628.4222666666667,13361.828445,12,12,9698.97,51465.43000000001,40845.25,39385.36
M00117,HomeStyle 18,Home & Garden,Occitanie,139776.43,230,221,607.7236086956522,12468.057556,13,10,13488.05,56030.42,29251.309999999998,41006.649999999994
M00102,GadgetShop 3,Electronics,Grand Est,139541.84000000003,122,120,1143.785573770492,9558.61604,50,11,18015.91,41359.340000000004,35308.56,44858.03
M00480,HomeCenter 81,Home & Garden,Normandie,138404.88,273,258,506.9775824175824,1467.0917279999999,14,13,16795.95,39961.17999999999,44576.52999999999,37071.22
M00238,HomeStyle 39,Home & Garden,Pays de la Loire,138157.19999999998,228,223,605.9526315789473,7073.64864,15,8,13911.04,44223.07000000001,44138.729999999996,35884.36
M00484,HomeStyle 85,Home & Garden,Grand Est,136380.09,201,194,678.5079104477612,7378.162869,16,12,15217.100000000002,47844.31,36791.39,36527.28999999999
M00388,HomeStyle 89,Home & Garden,Pays de la Loire,134355.68999999997,222,215,605.2058108108107,12521.950308,17,9,17219.820000000003,38259.26000000001,41872.520000000004,37004.09
M00225,MotorHub 26,Automotive,Auvergne-Rhône-Alpes,132943.36,154,153,863.2685714285714,10608.880128,41,11,7509.07,41056.44,40295.88999999999,44081.95999999999
M00076,DigitalHub 77,Electronics,Pays de la Loire,131894.43,146,138,903.386506849315,11158.268778,51,10,17422.64,47248.479999999996,28715.4,38507.91
M00152,GardenWorld 53,Home & Garden,Hauts-de-France,131832.22999999998,163,159,808.7866871165643,1621.536429,18,9,22156.85,42338.28999999999,26213.47,41123.619999999995
M00474,DecorShop 75,Home & Garden,Bretagne,131047.52999999998,177,172,740.3815254237287,4245.939972,19,13,15554.989999999998,35489.18000000001,36146.37000000001,43856.98999999999
M00177,CarParts 78,Automotive,Ile-de-France,130800.58,132,131,990.9134848484848,3086.893688,42,10,15750.810000000001,37005.020000000004,39125.329999999994,38919.42
M00466,DecorShop 67,Home & Garden,Normandie,130538.67000000001,238,231,548.4818067226892,12113.988576,20,14,9710.529999999999,42234.100000000006,45665.060000000005,32928.98000000001
M00213,HomeStyle 14,Home & Garden,Pays de la Loire,130111.22000000003,232,222,560.8242241379312,6778.794562000001,21,11,14131.0,40045.5,40320.74999999999,35613.97
M00188,GardenWorld 89,Home & Garden,Pays de la Loire,129970.47,214,199,607.3386448598131,11047.489950000001,22,12,9811.960000000001,33306.619999999995,53242.71000000001,33609.18
M00089,DecorShop 90,Home & Garden,Bretagne,128884.15000000001,190,187,678.3376315789474,12334.213154999998,23,14,8894.8,44190.39,39731.41,36067.55
M00336,HomeStyle 37,Home & Garden,Pays de la Loire,128827.27000000002,252,241,511.21932539682547,8463.951638999999,24,13,10748.130000000001,32682.590000000004,44237.59,41158.95999999999
M00407,HomeStyle 8,Home & Garden,Provence-Alpes-Côte d'Azur,128441.25,152,148,845.0082236842105,3326.628375,25,9,18953.65,38105.119999999995,44170.42,27212.060000000005
M00058,TechStore 59,Electronics,Nouvelle-Aquitaine,127622.36000000002,98,98,1302.2689795918368,3292.656888,52,17,15920.66,31006.2,45503.21000000001,35192.29
M00389,HomeStyle 90,Home & Garden,Ile-de-France,127247.17000000001,195,190,652.5495897435898,4479.100384,26,11,16589.079999999998,45664.36,39330.0,25663.729999999996
M00356,CarParts 57,Automotive,Hauts-de-France,126096.07,162,153,778.3708024691358,12180.880362,43,10,17277.89,46674.47,23729.65,38414.060000000005
M00190,DecorShop 91,Home & Garden,Bretagne,125263.1,281,273,445.7761565836299,8956.311649999998,27,15,9705.4,31710.280000000002,45026.36999999999,38821.05
M00133,TechStore 34,Electronics,Ile-de-France,125069.77999999998,128,128,977.1076562499999,11206.252288,53,12,10219.28,35480.68,44904.01,34465.810000000005
M00457,DecorShop 58,Home & Garden,Grand Est,123781.69999999998,214,209,578.4191588785046,5693.9582,28,13,9833.75,37914.64000000001,42694.45,33338.86
M00015,CarParts 16,Automotive,Bretagne,120855.81,103,100,1173.3573786407767,1293.1571669999998,44,16,12317.949999999999,30117.799999999996,39053.59,39366.47
M00294,TechStore 95,Electronics,Grand Est,117938.25,135,132,873.6166666666667,9116.626725,54,14,11138.69,38752.0,40897.57,27149.99
M00162,ActiveWear 63,Sports,Nouvelle-Aquitaine,117120.05,398,377,294.2714824120603,3993.793704999999,1,18,11454.13,35932.63999999999,35416.40999999999,34316.87
M00021,HomeCenter 22,Home & Garden,Pays de la Loire,116250.14000000001,208,206,558.894903846154,8184.0098560000015,29,14,7896.22,30562.33,43690.05,34101.53999999999
M00145,GardenWorld 46,Home & Garden,Occitanie,113819.46000000002,148,147,769.0504054054055,2025.9863880000003,30,11,8934.63,36308.530000000006,29768.170000000002,38808.130000000005
M00068,AutoShop 69,Automotive,Occitanie,111601.61,102,101,1094.133431372549,4531.025366,45,12,12722.22,43852.5,24173.980000000003,30852.91
M00112,DigitalHub 13,Electronics,Pays de la Loire,110889.51999999999,120,115,924.0793333333332,8494.137232000001,55,15,7426.860000000001,34941.57,42575.939999999995,25945.15
M00493,HomeStyle 94,Home & Garden,Normandie,110694.55,163,159,679.1076687116565,5424.03295,31,15,12728.67,34634.57,32295.82,31035.490000000005
M00008,HomeCenter 9,Home & Garden,Nouvelle-Aquitaine,110434.95,201,195,549.4276119402984,9232.361819999998,32,19,11012.849999999999,35677.329999999994,36082.310000000005,27662.46
M00393,TechStore 94,Electronics,Nouvelle-Aquitaine,110183.84,140,135,787.0274285714286,3096.1659040000004,56,20,14608.28,22801.43,48990.48000000001,23783.65
M00084,DigitalHub 85,Electronics,Ile-de-France,109939.45000000001,89,89,1235.2747191011238,10971.95711,57,13,13810.05,32343.990000000005,31195.11,32590.300000000003
M00482,DecorShop 83,Home & Garden,Occitanie,109782.39000000001,191,184,574.7769109947644,3469.123524,33,13,11020.17,36255.04000000001,36213.97,26293.21
M00203,MotorHub 4,Automotive,Occitanie,109539.25000000001,131,130,836.1774809160306,10044.749225000001,46,14,20743.15,32668.8,35628.05,20499.25
M00483,CarParts 84,Automotive,Ile-de-France,108438.31,121,120,896.1843801652892,2700.113919,47,14,13666.52,28311.15,31426.049999999996,35034.59
M00121,DigitalHub 22,Electronics,Auvergne-Rhône-Alpes,107300.09,107,104,1002.8045794392523,7189.10603,58,12,8067.6900000000005,23893.61,40458.7,34880.09
M00469,MotorHub 70,Automotive,Auvergne-Rhône-Alpes,106552.53,138,132,772.1197826086957,4048.9961399999993,48,13,16596.510000000002,29255.89,35403.64000000001,25296.489999999998
M00239,HomeStyle 40,Home & Garden,Provence-Alpes-Côte d'Azur,104825.79000000001,187,183,560.5657219251337,9497.216574,34,10,14805.119999999999,27803.91,36727.38999999999,25489.370000000003
M00051,ActiveWear 52,Sports,Pays de la Loire,103290.69,335,317,308.33041791044775,3759.781116,2,16,12471.849999999999,30221.839999999997,30290.35,30306.649999999998
M00320,FitnessShop 21,Sports,Nouvelle-Aquitaine,101126.73999999999,270,262,374.5434814814814,9182.307991999998,3,21,12853.760000000002,27700.12,37532.240000000005,23040.620000000003
M00007,DecorShop 8,Home & Garden,Pays de la Loire,100474.27,182,174,552.0564285714286,1828.631714,35,17,13299.2,21228.11,34042.08,31904.879999999997
M00324,ActiveWear 25,Sports,Hauts-de-France,99724.14999999998,282,271,353.6317375886524,7559.090569999999,4,11,9675.810000000001,31870.589999999997,33982.40000000001,24195.349999999995
M00251,GardenWorld 52,Home & Garden,Occitanie,93337.03999999998,194,191,481.11876288659784,6664.264656000001,36,15,9450.330000000002,33055.490000000005,22402.81,28428.41
M00352,ActiveWear 53,Sports,Grand Est,93186.31,237,229,393.1911814345992,6979.654619,5,15,9246.05,23877.379999999997,26887.939999999995,33174.939999999995
M00191,DecorShop 92,Home & Garden,Bretagne,92797.79,146,143,635.601301369863,3665.5127049999996,37,17,10445.26,36661.31,28946.629999999997,16744.59
M00072,SportHub 73,Sports,Grand Est,92039.23999999998,266,256,346.01218045112773,5375.091616,6,16,10360.240000000002,27856.9,23503.87,30318.230000000003
M00178,HomeCenter 79,Home & Garden,Bretagne,91574.79,179,176,511.59100558659213,4285.700172,38,18,7597.68,25494.020000000004,28946.11,29536.98
M00003,CarParts 4,Automotive,Auvergne-Rhône-Alpes,91536.57,106,105,863.5525471698114,7194.774402000001,49,14,9339.099999999999,31831.95999999999,29168.0,21197.51
M00307,ActiveWear 8,Sports,Bretagne,87826.0,280,261,313.6642857142857,5287.125199999999,7,19,9789.73,21610.66,29793.569999999992,26632.040000000008
M00473,FitnessShop 74,Sports,Grand Est,87449.19,305,291,286.7186557377049,2632.2206189999997,8,17,9441.409999999998,27250.670000000002,23859.139999999996,26897.97
M00259,SportZone 60,Sports,Provence-Alpes-Côte d'Azur,87149.81,260,249,335.1915769230769,1760.4261620000002,9,11,10323.41,25115.110000000004,24527.68,27183.61
M00071,DigitalHub 72,Electronics,Pays de la Loire,86788.57,67,67,1295.3517910447763,3862.0913649999993,59,18,8529.240000000002,20437.09,28950.620000000003,28871.619999999995
M00479,GardenWorld 80,Home & Garden,Nouvelle-Aquitaine,85711.59999999999,155,150,552.9780645161289,8116.88852,39,22,7219.86,29517.950000000004,24702.54,24271.25
M00223,GardenWorld 24,Home & Garden,Occitanie,84340.13,147,145,573.742380952381,6477.321984,40,16,7144.579999999999,32217.5,25085.620000000003,19892.43
M00348,ActiveWear 49,Sports,Provence-Alpes-Côte d'Azur,83929.67,292,280,287.4303767123288,4800.777124,10,12,11702.969999999998,25334.86,28336.499999999996,18555.34
M00171,HomeStyle 72,Home & Garden,Occitanie,81990.72,135,132,607.3386666666667,5624.563391999999,41,17,16981.170000000002,25199.04,19696.11,20114.4
M00074,DecorShop 75,Home & Garden,Occitanie,80751.12,157,154,514.3383439490445,6678.1176239999995,42,18,8127.26,26822.41,27148.670000000006,18652.78
M00046,SportZone 47,Sports,Hauts-de-France,78426.85,268,255,292.63750000000005,3740.9607450000003,11,12,7954.980000000001,26586.17,21211.670000000002,22674.030000000002
M00155,ActiveWear 56,Sports,Provence-Alpes-Côte d'Azur,75950.70000000001,249,241,305.0228915662651,4822.86945,12,13,4400.039999999999,23471.339999999997,22950.03,25129.29
M00022,GardenWorld 23,Home & Garden,Pays de la Loire,75646.12,142,139,532.7191549295775,3449.463072,43,19,7385.57,25864.33,24034.820000000003,18361.399999999998
M00237,ActiveWear 38,Sports,Grand Est,74428.20999999999,248,244,300.11375,6363.611955000001,13,18,7028.349999999999,24963.51,21720.76,20715.589999999997
M00361,SportHub 62,Sports,Normandie,73072.45999999999,242,235,301.95231404958673,5056.614232,14,16,9249.07,22072.300000000003,22876.97,18874.12
M00228,GadgetShop 29,Electronics,Normandie,71846.53,85,85,845.2532941176471,4195.8373520000005,60,17,5008.99,18938.79,23904.559999999998,23994.190000000002
M00280,FitnessShop 81,Sports,Hauts-de-France,70003.29000000001,277,267,252.71945848375455,6454.3033380000015,15,13,8241.75,21041.23,19092.76,21627.55
M00358,ActiveWear 59,Sports,Auvergne-Rhône-Alpes,69701.20999999999,307,293,227.03977198697066,1394.0242,16,15,6720.959999999999,22192.800000000003,24994.65,15792.8
M00452,SportZone 53,Sports,Pays de la Loire,69559.12999999999,256,245,271.71535156249996,2406.745898,17,20,9406.26,22850.05,20004.120000000003,17298.699999999997
M00157,SportZone 58,Sports,Ile-de-France,69263.92000000001,218,213,317.72440366972484,3823.3683840000003,18,15,8695.279999999999,19358.93,20537.719999999998,20671.99
M00420,HomeCenter 21,Home & Garden,Normandie,69259.31,89,88,778.1944943820224,1856.1495080000002,44,18,5309.46,25215.729999999996,19836.5,18897.62
M00187,ActiveWear 88,Sports,Ile-de-France,68748.11,291,283,236.24780068728523,5857.338972,19,16,9885.169999999998,19451.59,19218.309999999998,20193.04
M00331,FitnessShop 32,Sports,Hauts-de-France,68663.49,226,218,303.8207522123894,1277.1409139999996,20,14,8618.46,18896.55,18781.239999999998,22367.240000000005
M00160,HomeCenter 61,Home & Garden,Normandie,66385.0,146,139,454.6917808219178,4401.325499999999,45,19,8201.06,19831.429999999993,22559.33,15793.18
M00317,FitnessShop 18,Sports,Occitanie,65941.91,252,244,261.67424603174607,6126.003439,21,19,6801.18,19124.25,18597.33,21419.15
M00149,FitnessShop 50,Sports,Ile-de-France,65305.759999999995,230,225,283.9380869565217,6360.781024,22,17,5796.1,20294.079999999998,21374.14,17841.44
M00406,CarParts 7,Automotive,Normandie,65183.369999999995,120,119,543.19475,6290.195205,50,20,7189.0199999999995,25396.520000000004,15972.079999999998,16625.75
M00405,SportHub 6,Sports,Normandie,63641.350000000006,201,198,316.62363184079607,2927.5021,23,21,7670.98,21854.33,19177.129999999997,14938.91
M00382,ClothingHub 83,Clothing,Ile-de-France,62943.700000000004,335,321,187.89164179104478,3273.0723999999996,1,18,7424.82,16567.289999999997,19099.239999999998,19852.350000000002
M00338,HomeStyle 39,Home & Garden,Bretagne,62758.020000000004,117,116,536.3933333333333,696.614022,46,20,3810.82,26182.600000000002,18185.58,14579.02
M00289,DecorShop 90,Home & Garden,Normandie,62683.21,127,126,493.56858267716535,2043.4726460000002,47,22,6806.83,18259.820000000003,20840.869999999995,16775.69
M00019,TrendyWear 20,Clothing,Nouvelle-Aquitaine,61815.10000000001,300,289,206.05033333333338,4963.752530000001,2,23,8582.229999999998,20919.380000000005,17991.829999999998,14321.66
M00033,HomeStyle 34,Home & Garden,Nouvelle-Aquitaine,61651.40999999999,150,146,411.0093999999999,5548.6269,48,24,5151.15,19396.510000000002,17173.239999999998,19930.510000000006
M00266,SportHub 67,Sports,Pays de la Loire,61249.17,220,215,278.4053181818182,5328.67779,24,21,8930.16,17383.9,18388.420000000002,16546.690000000002
M00390,ActiveWear 91,Sports,Occitanie,61036.46000000001,238,230,256.4557142857143,4943.95326,25,20,7848.530000000001,17284.22,18603.04,17300.670000000002
M00397,ElectroWorld 98,Electronics,Hauts-de-France,59897.37999999999,58,58,1032.713448275862,1437.53712,61,15,3960.06,20903.0,10061.689999999999,24972.63
M00328,FitnessShop 29,Sports,Auvergne-Rhône-Alpes,59675.98,204,196,292.5293137254902,1993.1777319999997,26,16,11495.380000000001,16735.4,16848.7,14596.5
M00443,StyleShop 44,Clothing,Occitanie,59459.76000000002,333,321,178.5578378378379,713.5171200000001,3,21,6230.6900000000005,19229.820000000007,18527.35,15471.900000000001
M00118,SportHub 19,Sports,Pays de la Loire,58150.80999999998,210,206,276.90861904761897,3582.0898959999995,27,22,6844.110000000001,17808.82,20418.700000000004,13079.18
M00181,FitnessShop 82,Sports,Normandie,57133.439999999995,174,171,328.3531034482758,5010.602687999999,28,23,6141.8099999999995,15977.390000000001,18539.690000000002,16474.55
M00129,FitnessShop 30,Sports,Bretagne,54671.58,144,141,379.66375,2892.126582,29,21,6291.46,13389.890000000001,20844.77,14145.46
M00231,SportZone 32,Sports,Provence-Alpes-Côte d'Azur,54497.41,160,158,340.6088125,1825.6632350000004,30,14,6004.64,18822.089999999997,15207.400000000001,14463.279999999999
M00048,StyleShop 49,Clothing,Bretagne,54295.28999999998,317,303,171.27851735015767,2899.3684860000003,4,22,6079.220000000001,19274.07,17124.329999999998,11817.670000000002
M00151,TrendyWear 52,Clothing,Normandie,53385.12000000002,273,261,195.54989010989019,2546.4702239999997,5,24,4684.24,19231.32,17845.380000000005,11624.179999999998
M00100,StyleShop 1,Clothing,Occitanie,52498.70999999999,275,265,190.90439999999998,1926.7026570000005,6,22,6288.68,12991.05,19487.219999999998,13731.759999999998
M00335,StyleShop 36,Clothing,Bretagne,52016.229999999996,274,263,189.84025547445253,4093.677301,7,23,4742.64,16408.44,14633.460000000003,16231.690000000002
M00478,SportHub 79,Sports,Pays de la Loire,51314.71,144,139,356.35215277777775,1898.6442699999998,31,23,5898.49,13503.18,22336.059999999998,9576.98
M00128,ActiveWear 29,Sports,Auvergne-Rhône-Alpes,50163.65000000001,182,175,275.6244505494506,1765.7604800000004,32,17,5109.38,16075.849999999999,13619.349999999999,15359.07
M00431,ActiveWear 32,Sports,Provence-Alpes-Côte d'Azur,50054.840000000004,132,131,379.2033333333334,2512.7529680000002,33,15,6492.450000000001,13940.96,18295.35,11326.080000000002
M00209,SportZone 10,Sports,Nouvelle-Aquitaine,49412.18,121,118,408.3651239669422,4659.568574,34,25,6180.389999999999,10334.09,16837.670000000002,16060.03
M00444,StyleShop 45,Clothing,Occitanie,49204.89,247,239,199.21008097165992,1013.6207340000001,8,23,6147.97,14059.070000000002,16152.400000000001,12845.449999999999
M00282,TrendyWear 83,Clothing,Occitanie,49078.97,217,203,226.17036866359447,1168.079486,9,24,6414.33,15133.75,11705.039999999999,15825.849999999999
M00174,DecorShop 75,Home & Garden,Nouvelle-Aquitaine,48691.81,96,95,507.20635416666664,1962.2799430000002,49,26,1525.2199999999998,12641.189999999999,17723.91,16801.489999999998
M00018,HealthShop 19,Health,Grand Est,47915.1,359,335,133.46824512534818,4398.606180000001,1,19,6009.92,13217.140000000003,13187.64,15500.400000000001
M00387,HealthShop 88,Health,Pays de la Loire,47017.52000000001,345,333,136.2826666666667,1908.9113119999997,2,24,5794.76,13690.370000000003,13192.630000000001,14339.760000000002
M00083,FitnessShop 84,Sports,Normandie,46964.16,189,186,248.48761904761906,3329.758944,35,25,5284.179999999999,14699.990000000002,14472.340000000004,12507.650000000001
M00265,GadgetShop 66,Electronics,Nouvelle-Aquitaine,45743.97,84,81,544.5710714285715,1596.4645530000003,62,27,2909.7,16974.92,13605.05,12254.3
M00086,ActiveWear 87,Sports,Auvergne-Rhône-Alpes,44492.07,187,181,237.92550802139039,3697.291016999999,36,18,4729.4,12982.039999999997,12718.050000000003,14062.580000000002
M00183,ActiveWear 84,Sports,Ile-de-France,44204.22,146,146,302.7686301369863,1295.1836460000002,37,19,3568.98,15095.519999999999,13742.02,11797.699999999999
M00353,ClothingHub 54,Clothing,Bretagne,44203.439999999995,301,285,146.85528239202657,2908.5863519999994,10,24,6080.139999999999,13301.86,13921.210000000003,10900.23
M00090,FashionStore 91,Clothing,Pays de la Loire,43567.03,241,232,180.7760580912863,3899.249185,11,25,4062.76,13222.529999999999,14810.849999999997,11470.89
M00373,GlowShop 74,Beauty,Nouvelle-Aquitaine,43390.90000000001,300,291,144.63633333333337,4126.47459,1,28,5317.619999999999,13238.029999999999,12325.03,12510.22
M00052,TrendyWear 53,Clothing,Pays de la Loire,43363.380000000005,205,201,211.5286829268293,2129.141958,12,26,5533.75,12642.61,11165.89,14021.130000000001
M00368,TrendyWear 69,Clothing,Pays de la Loire,43345.13,209,206,207.39296650717702,3016.821048,13,27,4220.16,13754.54,13923.21,11447.22
M00148,TrendyWear 49,Clothing,Normandie,42881.020000000004,258,247,166.20550387596901,2722.94477,14,26,4815.28,13163.34,11944.34,12958.059999999998
M00047,ActiveWear 48,Sports,Normandie,42878.88,169,162,253.72118343195265,921.8959199999999,38,27,4587.33,12926.580000000002,12394.029999999999,12970.939999999997
M00285,TrendyWear 86,Clothing,Occitanie,42758.95,236,229,181.1819915254237,4015.0654050000003,15,25,4959.400000000001,12505.8,12124.22,13169.53
M00196,TrendyWear 97,Clothing,Provence-Alpes-Côte d'Azur,42038.31,223,216,188.512600896861,2164.972965,16,16,2734.63,16116.199999999997,12544.11,10643.37
M00111,SportZone 12,Sports,Provence-Alpes-Côte d'Azur,41101.009999999995,109,104,377.07348623853204,2823.639387,39,17,6321.879999999999,12984.89,12109.93,9684.309999999998
M00341,TrendyWear 42,Clothing,Hauts-de-France,40969.670000000006,222,221,184.5480630630631,3949.4761880000005,17,16,2801.96,13430.079999999998,13015.41,11722.220000000003
M00207,ActiveWear 8,Sports,Ile-de-France,40943.87000000001,153,152,267.6069934640524,2272.384785,40,20,2619.3,11988.57,12667.560000000001,13668.439999999999
M00110,HomeCenter 11,Home & Garden,Nouvelle-Aquitaine,40604.689999999995,66,64,615.2225757575757,3889.9293019999996,50,29,3389.2,11476.279999999999,10270.189999999999,15469.02
M00122,VitalShop 23,Health,Occitanie,40597.810000000005,324,310,125.30188271604939,3536.069251,3,26,3370.2099999999996,14533.23,12064.119999999999,10630.25
M00056,KidsWorld 57,Toys,Auvergne-Rhône-Alpes,39228.17,290,279,135.26955172413793,961.0901650000001,1,19,3554.02,11733.170000000002,11441.220000000001,12499.759999999998
M00370,ActiveWear 71,Sports,Occitanie,38919.6,110,108,353.81454545454545,649.95732,41,27,3025.7799999999997,14360.05,13538.869999999999,7994.900000000001
M00199,ActiveWear 100,Sports,Normandie,38780.670000000006,133,130,291.5839849624061,3610.4803770000008,42,28,5699.97,9909.279999999999,12842.99,10328.43
M00035,GardenWorld 36,Home & Garden,Ile-de-France,38595.1,120,117,321.62583333333333,3265.14546,51,21,3045.0299999999997,12778.600000000002,13730.289999999997,9041.18
M00099,FashionStore 100,Clothing,Ile-de-France,38342.64,257,250,149.19315175097276,670.9962,18,22,4206.14,10493.230000000001,12525.219999999998,11118.05
M00450,ClothingHub 51,Clothing,Nouvelle-Aquitaine,38087.34,203,197,187.62236453201967,2894.63784,19,30,4678.78,11326.780000000002,9279.219999999998,12802.560000000001
M00200,HealthHub 1,Health,Bretagne,38033.48999999999,300,279,126.77829999999997,707.422914,4,25,3668.87,8900.77,11253.119999999999,14210.73
M00173,VitalShop 74,Health,Nouvelle-Aquitaine,37437.78,254,248,147.3928346456693,486.69114,5,31,4717.03,10778.52,10316.52,11625.710000000003
M00146,FashionStore 47,Clothing,Grand Est,37433.74999999999,188,182,199.11569148936167,864.719625,20,20,4385.93,11733.61,9403.73,11910.48
M00186,BeautyCorner 87,Beauty,Ile-de-France,37025.439999999995,292,279,126.7994520547945,659.0528319999999,2,23,3180.3599999999997,11431.38,10928.75,11484.950000000003
M00119,CosmeticHub 20,Beauty,Provence-Alpes-Côte d'Azur,36988.38,238,233,155.4133613445378,3502.799586,3,18,4092.9599999999996,11414.76,11891.09,9589.57
M00013,ToyHub 14,Toys,Nouvelle-Aquitaine,36729.57,342,327,107.39640350877193,2975.0951699999996,2,32,3842.09,11805.89,13054.05,8027.54
M00424,HealthShop 25,Health,Ile-de-France,36514.92,294,283,124.2004081632653,2088.653424,6,24,3271.8100000000004,12476.54,10443.379999999997,10323.19
M00132,TrendyWear 33,Clothing,Normandie,36292.64,234,227,155.09675213675214,2366.280128,21,29,4256.6,11383.400000000001,9289.369999999999,11363.27
M00423,FitnessShop 24,Sports,Auvergne-Rhône-Alpes,36009.74,110,109,327.3612727272727,3183.261016,43,20,3505.2000000000003,12378.91,10116.16,10009.47
M00082,PlayShop 83,Toys,Pays de la Loire,35790.770000000004,297,286,120.50764309764311,1700.0615750000002,3,28,5060.62,10844.990000000002,10313.89,9571.269999999999
M00433,ClothingHub 34,Clothing,Grand Est,35124.78,156,156,225.15884615384616,1166.142696,22,21,3710.8799999999997,11064.840000000002,10888.5,9460.560000000001
M00396,VitalShop 97,Health,Hauts-de-France,35114.93000000001,311,294,112.90974276527334,3427.217168,7,17,3056.7,12429.169999999998,11432.95,8196.109999999999
M00429,BeautyWorld 30,Beauty,Occitanie,34708.979999999996,302,281,114.93039735099336,2433.099498,4,28,4917.8,9781.190000000002,10569.99,9439.999999999998
M00409,CosmeticHub 10,Beauty,Normandie,34597.40000000001,245,238,141.21387755102043,3404.3841599999996,5,30,4604.4,9486.500000000002,9346.87,11159.63
M00471,ClothingHub 72,Clothing,Ile-de-France,34103.08,169,167,201.7933727810651,2943.095804,23,25,4378.44,9396.599999999999,10316.809999999998,10011.230000000001
M00403,HealthHub 4,Health,Provence-Alpes-Côte d'Azur,33793.409999999996,299,288,113.02143812709029,2537.8850909999996,8,19,2482.9800000000005,11226.66,10112.289999999997,9971.48
M00127,GlowShop 28,Beauty,Auvergne-Rhône-Alpes,33638.31,271,264,124.12660516605165,2327.771052,6,21,3702.5499999999993,9529.210000000003,10883.05,9523.5
M00293,HealthHub 94,Health,Provence-Alpes-Côte d'Azur,33276.270000000004,255,248,130.49517647058826,1979.938065,9,20,2584.0599999999995,10519.900000000001,10230.640000000003,9941.670000000002
M00291,PlayShop 92,Toys,Pays de la Loire,33201.880000000005,234,225,141.8883760683761,2031.9550559999998,4,29,1941.5100000000002,8961.670000000002,12180.14,10118.56
M00049,KidsWorld 50,Toys,Nouvelle-Aquitaine,33145.06,183,177,181.12054644808742,3218.385326,5,33,4159.24,10230.27,8996.99,9758.56
M00198,PlayShop 99,Toys,Grand Est,33122.18,217,208,152.63677419354838,1126.1541200000001,6,22,5024.139999999999,9138.79,8647.739999999998,10311.510000000002
M00161,CosmeticHub 62,Beauty,Normandie,33042.630000000005,266,261,124.2204135338346,1847.0830169999997,7,31,3443.67,9791.229999999998,10691.330000000002,9116.400000000001
M00025,WellnessStore 26,Health,Provence-Alpes-Côte d'Azur,33019.78999999999,266,255,124.13454887218043,3239.2413990000005,10,21,2684.71,11013.05,9812.940000000002,9509.09
M00264,StyleShop 65,Clothing,Pays de la Loire,32984.03999999999,240,228,137.43349999999998,2975.1604080000006,24,30,5906.910000000002,11781.150000000003,8568.009999999998,6727.97
M00401,CosmeticHub 2,Beauty,Grand Est,32921.81,341,320,96.5448973607038,1066.6666440000001,8,23,4332.099999999999,9102.359999999999,10583.449999999999,8903.900000000001
M00044,VitalShop 45,Health,Occitanie,32894.67,280,269,117.48096428571428,2460.5213160000003,11,29,2420.33,10202.61,9161.86,11109.869999999999
M00153,StyleShop 54,Clothing,Ile-de-France,32733.709999999995,196,194,167.0087244897959,2399.3809429999997,25,26,4259.040000000001,10260.789999999999,9083.46,9130.42
M00163,CosmeticHub 64,Beauty,Grand Est,32704.15999999999,270,257,121.12651851851848,1756.2133919999997,9,24,4052.1399999999994,8579.99,10255.720000000001,9816.309999999998
M00400,WellnessStore 1,Health,Provence-Alpes-Côte d'Azur,32597.280000000006,316,302,103.15594936708862,1427.7608639999999,12,22,3680.2300000000005,9687.43,10670.139999999996,8559.48
M00261,BeautyCorner 62,Beauty,Hauts-de-France,32480.4,271,263,119.85387453874539,831.4982399999999,10,18,3029.0,8621.189999999999,13030.26,7799.950000000001
M00260,ClothingHub 61,Clothing,Hauts-de-France,32384.519999999997,215,209,150.62567441860463,910.005012,26,19,4453.67,7805.139999999999,10643.76,9481.95
M00497,ClothingHub 98,Clothing,Nouvelle-Aquitaine,32242.839999999997,192,185,167.93145833333332,2714.8471280000003,27,34,3569.05,10167.859999999999,9370.529999999999,9135.4
M00354,StyleShop 55,Clothing,Ile-de-France,32125.300000000003,163,157,197.0877300613497,3013.3531399999997,28,27,3997.4299999999994,9253.26,10708.650000000001,8165.960000000001
M00134,ActiveWear 35,Sports,Grand Est,32102.620000000003,125,124,256.82096,1226.320084,44,25,3138.59,10070.439999999999,10328.87,8564.72
M00369,HealthShop 70,Health,Normandie,31883.049999999996,266,258,119.8610902255639,2333.8392599999997,13,32,3590.0299999999997,10786.58,9292.73,8213.71
M00310,VitalShop 11,Health,Hauts-de-France,31847.089999999997,269,260,118.3906691449814,3140.123073999999,14,20,4049.0099999999998,10147.57,8736.84,8913.669999999998
M00330,WellnessStore 31,Health,Normandie,31845.549999999996,220,212,144.75249999999997,1945.7631050000005,15,33,3396.6399999999994,9926.899999999998,8971.740000000002,9550.27
M00096,PlayShop 97,Toys,Ile-de-France,31738.599999999995,285,276,111.3635087719298,2332.7871,7,28,4527.04,8697.969999999998,8995.359999999997,9518.23
M00138,BeautyCorner 39,Beauty,Pays de la Loire,31731.65,284,269,111.73116197183099,1856.3015249999999,11,31,3521.73,9463.89,10384.9,8361.130000000001
M00391,PlayShop 92,Toys,Ile-de-France,31447.649999999994,265,256,118.67037735849054,2657.326425,8,29,4501.019999999999,9141.7,9654.88,8150.049999999999
M00206,ClothingHub 7,Clothing,Normandie,31285.219999999998,166,162,188.46518072289155,594.41918,29,34,3179.9699999999993,7860.549999999999,13842.539999999999,6402.16
M00258,FashionStore 59,Clothing,Bretagne,30989.01000000001,172,169,180.16866279069774,2032.8790560000004,30,26,2671.38,10833.31,10689.88,6794.44
M00486,PlayShop 87,Toys,Occitanie,30929.67,267,256,115.8414606741573,1379.463282,9,30,3360.66,9196.89,8402.429999999998,9969.690000000002
M00487,HealthShop 88,Health,Auvergne-Rhône-Alpes,30690.480000000003,276,265,111.19739130434783,2473.6526880000006,16,22,2911.34,10242.82,8681.359999999999,8854.96
M00500,TrendyWear 1,Clothing,Pays de la Loire,30437.669999999995,189,185,161.04587301587298,1284.4696740000002,31,32,3699.4600000000005,9135.880000000001,9861.8,7740.530000000001
M00158,ToyLand 59,Toys,Occitanie,30151.410000000003,216,210,139.58986111111113,2831.217399,10,31,2170.93,7009.259999999999,11246.910000000002,9724.310000000001
M00189,ToyLand 90,Toys,Ile-de-France,30144.479999999996,235,226,128.2743829787234,1250.99592,11,30,4125.8,7711.919999999999,9743.5,8563.26
M00489,HealthHub 90,Health,Auvergne-Rhône-Alpes,29827.610000000004,209,203,142.7158373205742,530.931458,17,23,3211.0,11723.01,9293.09,5600.509999999999
M00461,StyleShop 62,Clothing,Grand Est,29807.060000000005,186,184,160.2530107526882,1517.179354,32,26,2862.91,10827.27,10037.270000000002,6079.61
M00313,FashionStore 14,Clothing,Ile-de-France,29624.190000000002,164,157,180.6353048780488,1827.8125229999998,33,31,4431.76,8492.21,9221.45,7478.77
M00421,ToyLand 22,Toys,Provence-Alpes-Côte d'Azur,29600.290000000005,217,211,136.40686635944704,1704.9767040000002,12,23,4001.689999999999,7641.52,8895.289999999999,9061.790000000003
M00179,TrendyWear 80,Clothing,Auvergne-Rhône-Alpes,29560.230000000003,163,155,181.35110429447855,668.061198,34,24,2181.7200000000003,10844.04,7660.689999999999,8873.780000000002
M00292,HealthHub 93,Health,Pays de la Loire,29544.129999999997,227,223,130.15035242290747,1137.449005,18,33,3145.83,9358.990000000002,9269.849999999999,7769.460000000001
M00297,GlowShop 98,Beauty,Hauts-de-France,29257.77,228,224,128.32355263157896,2805.820143,12,21,2531.59,10494.150000000001,8679.34,7552.6900000000005
M00404,ToyHub 5,Toys,Hauts-de-France,29137.039999999994,287,277,101.52278745644597,766.3041519999999,13,22,2702.66,8319.150000000001,9725.309999999998,8389.919999999998
M00170,ClothingHub 71,Clothing,Occitanie,28544.21,133,132,214.61812030075188,1527.115235,35,32,3515.99,8529.380000000001,10900.77,5598.07
M00104,GlowShop 5,Beauty,Auvergne-Rhône-Alpes,28365.47,215,206,131.93241860465116,300.6739819999999,13,25,3410.9900000000002,7195.849999999999,10587.079999999998,7171.55
M00147,StyleShop 48,Clothing,Grand Est,28319.099999999995,180,177,157.32833333333332,1874.72442,36,27,2283.69,8250.31,10421.6,7363.5
M00236,ToyLand 37,Toys,Grand Est,28267.39,276,266,102.41807971014492,1096.774732,14,28,2419.95,11456.51,6920.959999999999,7469.97
M00006,ToyLand 7,Toys,Auvergne-Rhône-Alpes,28227.01,262,256,107.73667938931297,1775.4789289999997,15,26,2692.23,7984.699999999998,10304.269999999997,7245.81
M00256,ActiveWear 57,Sports,Occitanie,28200.940000000002,145,144,194.48924137931036,2081.2293720000002,45,33,1272.0700000000002,8179.9400000000005,7630.11,11118.82
M00139,BeautyCorner 40,Beauty,Hauts-de-France,27443.979999999996,239,231,114.8283682008368,1342.0106220000002,14,23,3676.27,9569.509999999998,7961.03,6237.17
M00125,ToyHub 26,Toys,Pays de la Loire,27241.82,229,215,118.95991266375546,920.7735159999999,16,34,3010.71,8149.759999999998,7547.49,8533.860000000002
M00066,PlayShop 67,Toys,Occitanie,26894.83,203,200,132.4868472906404,1272.125459,17,34,2880.2700000000004,8025.64,8190.14,7798.780000000001
M00342,KidsWorld 43,Toys,Provence-Alpes-Côte d'Azur,26845.460000000003,212,206,126.62952830188681,2655.0159940000003,18,24,2330.96,8069.389999999999,8034.09,8411.019999999999
M00383,FashionStore 84,Clothing,Grand Est,26571.05,187,180,142.09117647058824,1073.47042,37,29,3983.68,9091.059999999998,6305.4299999999985,7190.879999999999
M00490,HealthHub 91,Health,Hauts-de-France,26414.059999999998,215,208,122.85609302325581,760.724928,19,24,1091.44,8777.470000000001,8762.580000000002,7782.57
M00350,FashionStore 51,Clothing,Ile-de-France,26368.140000000007,163,160,161.76773006134974,1603.1829120000002,38,32,4037.3900000000003,8491.93,8158.24,5680.58
M00378,PlayShop 79,Toys,Occitanie,26211.059999999998,191,183,137.23068062827224,1169.0132760000001,19,35,3677.02,7110.599999999999,7013.83,8409.61
M00061,HealthHub 62,Health,Bretagne,26210.29,216,200,121.34393518518519,2196.422302,20,27,1553.28,7843.6900000000005,9691.920000000002,7121.4
M00371,VitalShop 72,Health,Normandie,26202.799999999996,246,240,106.51544715447153,516.19516,21,35,2546.8599999999997,7376.66,8746.640000000003,7532.64
M00232,GlowShop 33,Beauty,Ile-de-France,25983.07,236,232,110.09775423728813,654.773364,15,33,2738.2299999999996,8041.23,7960.780000000001,7242.83
M00498,KidsWorld 99,Toys,Grand Est,25974.92,257,247,101.06972762645914,2244.233088,20,30,2031.9900000000002,6799.18,8294.73,8849.019999999999
M00041,ToyHub 42,Toys,Normandie,25541.469999999998,182,174,140.33774725274725,2012.667836,21,36,3154.8499999999995,7195.3,7862.439999999999,7328.88
M00103,ToyLand 4,Toys,Occitanie,25519.78,242,235,105.45363636363636,505.29164400000013,22,36,2867.87,5986.820000000001,7339.039999999997,9326.05
M00476,HealthHub 77,Health,Grand Est,25356.190000000006,224,217,113.19727678571431,1090.31617,22,31,1586.98,8298.09,7107.369999999997,8363.75
M00286,BeautyCorner 87,Beauty,Nouvelle-Aquitaine,25350.23,244,235,103.89438524590163,2076.1838370000005,16,35,4026.5699999999997,7587.160000000001,6086.7,7649.8
M00168,VitalShop 69,Health,Bretagne,24788.02,237,232,104.59080168776372,2146.642532,23,28,2516.8599999999997,8045.410000000002,7294.4,6931.349999999999
M00491,ToyLand 92,Toys,Ile-de-France,24693.559999999998,179,169,137.95284916201115,629.68578,23,34,2827.5499999999993,7965.389999999999,6626.649999999999,7273.969999999999
M00309,FashionStore 10,Clothing,Nouvelle-Aquitaine,24606.21,229,222,107.45069868995633,1887.296307,39,36,2866.83,7290.35,8219.21,6229.82
M00485,FreshMarket 86,Food,Nouvelle-Aquitaine,24598.800000000003,377,352,65.24880636604776,2248.33032,1,37,2276.66,8080.060000000001,7853.999999999998,6388.08
M00299,WellnessStore 100,Health,Ile-de-France,24436.019999999997,172,163,142.06988372093022,537.5924399999999,24,35,1953.5100000000002,7691.699999999999,6933.73,7857.08
M00494,ClothingHub 95,Clothing,Normandie,24116.689999999995,149,148,161.8569798657718,600.505581,40,37,4155.92,7512.759999999999,6475.379999999999,5972.630000000001
M00279,BeautyCorner 80,Beauty,Occitanie,23963.619999999995,220,210,108.92554545454543,2281.3366240000005,17,37,2515.0300000000007,8093.510000000002,5940.08,7415.0
M00359,SportHub 60,Sports,Hauts-de-France,23934.169999999995,145,141,165.0632413793103,555.272744,46,25,3563.62,6874.56,7451.710000000001,6044.280000000001
M00101,CosmeticHub 2,Beauty,Pays de la Loire,23883.510000000002,142,138,168.1937323943662,871.7481150000001,18,35,1948.15,8398.57,7828.880000000002,5707.91
M00020,ClothingHub 21,Clothing,Auvergne-Rhône-Alpes,23858.14,189,185,126.23354497354497,1603.2670079999998,41,27,2543.88,7244.98,8159.439999999999,5909.839999999999
M00212,KidsWorld 13,Toys,Pays de la Loire,23795.700000000004,250,240,95.18280000000001,1846.5463200000004,24,36,2302.87,8723.43,7038.6,5730.799999999999
M00470,ToyHub 71,Toys,Pays de la Loire,23602.239999999998,279,265,84.5958422939068,2279.9763840000005,25,37,2439.92,7288.000000000002,6262.610000000001,7611.710000000001
M00246,BeautyWorld 47,Beauty,Provence-Alpes-Côte d'Azur,23584.56,226,211,104.35646017699116,1143.8511600000002,19,25,3960.46,5713.92,7989.580000000001,5920.6
M00270,PlayShop 71,Toys,Provence-Alpes-Côte d'Azur,23502.22,176,172,133.5353409090909,1163.3598900000002,26,26,2163.21,7973.530000000001,7161.91,6203.57
M00329,WellnessStore 30,Health,Ile-de-France,23454.879999999997,233,225,100.66472103004291,436.26076799999987,25,36,2337.9,7814.549999999999,5466.220000000001,7836.210000000001
M00220,FashionStore 21,Clothing,Pays de la Loire,23435.0,126,123,185.9920634920635,1818.5560000000003,42,38,4101.35,7006.9400000000005,6911.34,5415.370000000001
M00372,ToyHub 73,Toys,Auvergne-Rhône-Alpes,23390.66,230,227,101.69852173913043,1031.528106,27,28,1756.5000000000002,7318.220000000001,7000.319999999999,7315.620000000001
M00334,WellnessStore 35,Health,Bretagne,23185.559999999998,157,149,147.67872611464966,1929.0385919999997,26,29,1601.9,8720.17,5998.59,6864.9000000000015
M00326,HealthHub 27,Health,Bretagne,23132.400000000005,207,197,111.75072463768119,622.2615600000001,27,30,2595.2,6800.58,6097.8099999999995,7638.810000000001
M00312,HealthShop 13,Health,Occitanie,23064.260000000002,187,180,123.33828877005348,1088.633072,28,38,1068.53,8300.560000000001,7756.710000000001,5938.46
M00175,SportHub 76,Sports,Auvergne-Rhône-Alpes,22838.759999999995,96,95,237.90374999999995,1356.622344,47,29,2777.49,6582.949999999999,5745.42,7732.9
M00109,WellnessStore 10,Health,Pays de la Loire,22837.519999999997,206,200,110.86174757281552,1288.036128,29,39,1492.02,6260.36,7046.35,8038.790000000001
M00451,GourmetShop 52,Food,Auvergne-Rhône-Alpes,22814.479999999996,406,385,56.193300492610824,1022.0887039999998,2,30,1445.27,7506.189999999999,7761.400000000002,6101.620000000001
M00255,StyleShop 56,Clothing,Pays de la Loire,22692.859999999997,193,187,117.57958549222796,1352.494456,43,40,3051.83,6076.76,6822.31,6741.959999999999
M00380,HealthShop 81,Health,Normandie,22680.440000000002,195,188,116.30994871794873,2218.1470320000003,30,38,2258.24,6756.949999999999,5667.85,7997.4000000000015
M00375,BeautyCorner 76,Beauty,Auvergne-Rhône-Alpes,22661.409999999996,209,205,108.42779904306218,2087.115861,20,31,2491.91,5862.87,7722.310000000001,6584.32
M00222,GlowShop 23,Beauty,Hauts-de-France,22613.189999999995,265,251,85.33279245283018,2078.152161,21,26,2168.6,7515.7300000000005,6146.9400000000005,6781.919999999999
M00029,HealthHub 30,Health,Nouvelle-Aquitaine,22593.32,274,266,82.45737226277372,743.3202279999998,31,38,3040.24,7169.41,6285.009999999998,6098.660000000001
M00379,HealthHub 80,Health,Provence-Alpes-Côte d'Azur,22585.8,174,169,129.80344827586205,1739.1066,32,27,2085.88,6642.469999999999,7522.36,6335.09
M00142,WellnessStore 43,Health,Bretagne,22577.61,232,224,97.31728448275862,507.996225,33,31,3029.12,7414.75,6644.65,5489.09
M00296,CosmeticHub 97,Beauty,Ile-de-France,22559.83,140,136,161.14164285714287,1220.4868029999998,22,37,2098.92,7052.5,7429.99,5978.42
M00321,PlayShop 22,Toys,Hauts-de-France,22545.969999999998,190,185,118.66299999999998,1066.424381,28,27,3112.58,7654.14,7698.090000000001,4081.16
M00230,BeautyCorner 31,Beauty,Pays de la Loire,22204.769999999997,181,172,122.67828729281766,1505.4834060000003,23,41,2660.06,6397.3499999999985,6732.879999999999,6414.48
M00472,StyleShop 73,Clothing,Grand Est,22191.21,116,115,191.3035344827586,752.282019,44,32,3127.07,8243.189999999999,5601.08,5219.870000000001
M00108,WellnessStore 9,Health,Grand Est,22182.18,204,201,108.73617647058823,1173.4373219999998,34,33,2049.5600000000004,5806.980000000001,6608.02,7717.62
M00436,GlowShop 37,Beauty,Bretagne,22120.800000000003,159,152,139.1245283018868,2207.6558399999994,24,32,3071.05,4968.529999999999,7917.09,6164.13
M00156,CosmeticHub 57,Beauty,Auvergne-Rhône-Alpes,22000.159999999996,195,187,112.82133333333331,343.202496,25,32,2204.17,5615.34,7231.6,6949.049999999999
M00435,KidsWorld 36,Toys,Grand Est,21265.14,241,234,88.23709543568465,1805.410386,29,34,1794.73,6485.16,6027.389999999998,6957.860000000001
M00392,WellnessStore 93,Health,Normandie,21149.339999999997,198,192,106.81484848484847,1279.5350700000001,35,39,1178.0,7655.74,6674.57,5641.03
M00325,GlowShop 26,Beauty,Provence-Alpes-Côte d'Azur,20704.380000000005,165,159,125.48109090909094,1637.7164579999999,26,28,1641.84,6894.920000000001,6167.92,5999.7
M00488,KidsWorld 89,Toys,Pays de la Loire,20645.8,197,192,104.8010152284264,995.12756,30,42,2686.92,6243.79,5579.860000000001,6135.23
M00165,ToyLand 66,Toys,Occitanie,20618.690000000002,157,154,131.32923566878983,364.950813,31,39,2342.14,5396.870000000001,6574.83,6304.85
M00374,PlayShop 75,Toys,Occitanie,20267.96,220,212,92.12709090909091,1684.267476,32,40,2686.54,4809.700000000001,6690.900000000001,6080.8200000000015
M00249,FashionStore 50,Clothing,Nouvelle-Aquitaine,20216.72,141,136,143.3809929078014,1352.498568,45,39,1906.4899999999998,6054.610000000001,6469.209999999999,5786.410000000002
M00430,CosmeticHub 31,Beauty,Ile-de-France,20199.020000000004,196,193,103.05622448979594,448.4182440000001,27,38,1826.69,6692.239999999999,5896.14,5783.950000000001
M00034,KidsWorld 35,Toys,Bretagne,20116.149999999998,147,144,136.84455782312924,1709.87275,33,33,2110.17,6724.09,5975.699999999999,5306.1900000000005
M00067,WellnessStore 68,Health,Normandie,20097.6,174,169,115.50344827586206,594.88896,36,40,2230.9700000000003,6590.980000000001,5676.34,5599.3099999999995
M00422,GlowShop 23,Beauty,Grand Est,19909.28,189,186,105.34010582010582,1497.177856,28,35,2458.66,6077.28,5603.549999999999,5769.790000000001
M00253,KidsWorld 54,Toys,Occitanie,19543.290000000005,161,158,121.38689440993791,687.9238080000001,34,41,1395.79,7239.619999999999,6572.719999999999,4335.16
M00221,FoodMart 22,Food,Occitanie,19507.04,297,281,65.68026936026936,1180.1759200000001,3,42,1995.4700000000003,7739.579999999998,5127.959999999999,4644.030000000001
M00143,CosmeticHub 44,Beauty,Provence-Alpes-Côte d'Azur,19396.58,146,142,132.8532876712329,1464.4417899999999,29,29,2617.0400000000004,6324.76,6146.620000000001,4308.16
M00322,ToyHub 23,Toys,Bretagne,19232.440000000002,222,214,86.63261261261262,1602.062252,35,34,2504.21,4663.75,6317.0,5747.48
M00204,ToyHub 5,Toys,Hauts-de-France,19035.1,148,146,128.61554054054054,1450.4746200000002,36,28,1446.0499999999997,6320.51,4974.42,6294.119999999999
M00448,ToyLand 49,Toys,Normandie,18996.25,132,129,143.91098484848484,1709.6625,37,41,2083.8599999999997,5357.66,6521.880000000001,5032.85
M00093,ToyHub 94,Toys,Pays de la Loire,18911.270000000004,237,229,79.79438818565403,1352.1558049999999,38,43,2139.89,5423.159999999999,6974.0,4374.220000000001
M00447,BeautyCorner 48,Beauty,Bretagne,18758.970000000005,129,128,145.4183720930233,1875.897,30,35,2543.1099999999997,6041.14,5064.42,5110.299999999999
M00413,KidsWorld 14,Toys,Occitanie,18636.8,160,158,116.47999999999999,1002.65984,39,43,1932.52,6053.120000000001,5971.279999999999,4679.880000000001
M00428,FoodMart 29,Food,Occitanie,18578.940000000002,308,292,60.321233766233775,1170.47322,4,44,2657.37,5792.830000000001,5459.729999999999,4669.009999999999
M00233,GourmetShop 34,Food,Auvergne-Rhône-Alpes,18532.3,285,272,65.02561403508771,1388.0692699999997,5,33,2144.64,5188.58,6198.399999999999,5000.679999999999
M00427,VitalShop 28,Health,Ile-de-France,18523.16,167,159,110.917125748503,1696.7214560000002,37,39,1558.81,4948.139999999999,5330.83,6685.380000000001
M00005,KidsWorld 6,Toys,Grand Est,18499.1,183,180,101.0879781420765,747.3636399999999,40,36,2228.5,4768.01,5607.98,5894.609999999999
M00211,ClothingHub 12,Clothing,Pays de la Loire,18430.86,148,144,124.53283783783785,1315.963404,46,44,2302.3799999999997,6573.5599999999995,5609.15,3945.7700000000004
M00059,FreshMarket 60,Food,Provence-Alpes-Côte d'Azur,18348.879999999997,249,240,73.69028112449799,1640.3898719999997,6,30,2320.4699999999993,5056.63,6085.449999999999,4886.33
M00415,PlayShop 16,Toys,Pays de la Loire,18347.22,123,122,149.16439024390246,1660.4234099999999,41,45,1455.63,3670.35,8327.49,4893.75
M00131,BeautyCorner 32,Beauty,Grand Est,18181.739999999998,122,120,149.0306557377049,279.99879599999997,31,37,1304.2799999999997,5164.400000000001,5077.39,6635.67
M00308,FreshMarket 9,Food,Bretagne,18152.389999999996,331,309,54.84105740181268,1276.1130169999997,7,36,2451.78,5881.84,5263.72,4555.050000000001
M00402,HealthHub 3,Health,Grand Est,17931.21,130,126,137.93238461538462,408.831588,38,38,2636.69,5692.050000000001,5202.92,4399.55
M00088,FashionStore 89,Clothing,Grand Est,17570.449999999997,87,86,201.9591954022988,195.031995,47,39,1736.9900000000002,5270.25,4818.68,5744.530000000001
M00467,GourmetShop 68,Food,Occitanie,17458.879999999997,259,246,67.40880308880308,972.4596160000001,8,45,1595.6,6296.18,4803.369999999999,4763.73
M00039,BeautyWorld 40,Beauty,Pays de la Loire,17418.579999999998,160,156,108.86612499999998,1383.0352520000001,32,46,2211.2,5649.66,4318.49,5239.23
M00043,ToyLand 44,Toys,Pays de la Loire,17363.28,189,184,91.86920634920634,1107.777264,42,47,1566.0699999999997,6102.52,4532.849999999999,5161.839999999999
M00205,BeautyWorld 6,Beauty,Grand Est,17161.5,189,183,90.8015873015873,1602.8840999999998,33,40,2071.7699999999995,4719.59,5912.960000000001,4457.18
M00295,BeautyCorner 96,Beauty,Bretagne,16792.01,142,140,118.25359154929576,1633.8625730000003,34,37,1445.33,6192.830000000001,4104.84,5049.01
M00267,BeautyWorld 68,Beauty,Hauts-de-France,16505.18,164,162,100.64134146341463,930.8921520000001,35,29,1702.08,5096.4800000000005,4163.389999999999,5543.2300000000005
M00257,StyleShop 58,Clothing,Bretagne,16480.89,133,133,123.91646616541352,1433.83743,48,38,1559.36,5296.92,4820.5,4804.11
M00339,CosmeticHub 40,Beauty,Hauts-de-France,16407.51,163,159,100.65957055214723,1438.938627,36,30,1565.44,5946.15,4579.0,4316.92
M00440,VitalShop 41,Health,Nouvelle-Aquitaine,16387.62,111,111,147.6362162162162,455.575836,39,40,1669.83,5999.51,4276.599999999999,4441.68
M00077,StyleShop 78,Clothing,Ile-de-France,16131.880000000001,119,119,135.5620168067227,433.94757200000004,49,40,1156.98,4736.9,4689.540000000001,5548.459999999999
M00333,HealthShop 34,Health,Hauts-de-France,16031.54,130,124,123.31953846153847,1590.3287679999999,40,31,2137.44,4899.790000000001,4816.530000000001,4177.779999999999
M00172,GourmetShop 73,Food,Bretagne,16029.64,218,214,73.53045871559632,872.0124159999998,9,39,1565.9300000000003,5388.72,4912.89,4162.099999999999
M00120,HealthHub 21,Health,Normandie,15945.979999999996,119,116,133.99983193277308,282.243846,41,42,2222.75,3778.57,5149.13,4795.530000000001
M00194,GlowShop 95,Beauty,Occitanie,15849.199999999999,239,230,66.31464435146444,469.13631999999996,37,46,1887.8599999999997,5064.99,4721.12,4175.23
M00210,FreshMarket 11,Food,Normandie,15696.670000000004,249,237,63.03883534136548,612.17013,10,43,1627.5999999999997,5367.469999999999,5212.27,3489.33
M00107,GourmetShop 8,Food,Ile-de-France,15624.780000000002,266,255,58.73977443609024,624.9911999999998,11,41,1329.54,4980.139999999999,4860.34,4454.76
M00184,ToyHub 85,Toys,Auvergne-Rhône-Alpes,15584.53,170,165,91.67370588235295,1436.893666,43,34,2551.6000000000004,4898.2,5107.98,3026.75
M00290,VitalShop 91,Health,Ile-de-France,15524.219999999998,175,170,88.70982857142856,1179.84072,42,42,1267.67,4931.380000000001,4270.18,5054.99
M00276,WellnessStore 77,Health,Nouvelle-Aquitaine,15441.219999999998,191,188,80.8440837696335,222.353568,43,41,1976.88,4795.44,4570.780000000001,4098.12
M00055,BeautyCorner 56,Beauty,Bretagne,15363.82,192,189,80.01989583333334,510.07882399999994,38,40,1588.01,4749.55,4046.4900000000007,4979.7699999999995
M00180,ToyLand 81,Toys,Normandie,15351.190000000002,171,167,89.77304093567253,477.422009,44,44,1232.1399999999999,5025.03,5533.74,3560.2799999999997
M00060,FoodMart 61,Food,Bretagne,15227.350000000002,234,223,65.07414529914531,872.5271549999999,12,41,1696.02,5062.42,4995.800000000001,3473.1100000000006
M00432,PlayShop 33,Toys,Bretagne,15059.89,147,144,102.44823129251701,713.8387859999998,45,42,1553.0899999999997,4320.7300000000005,3756.1100000000006,5429.960000000001
M00176,BeautyCorner 77,Beauty,Nouvelle-Aquitaine,15055.250000000002,154,148,97.76136363636365,331.21549999999996,39,42,929.8999999999999,6496.340000000001,4007.25,3621.76
M00437,BeautyCorner 38,Beauty,Pays de la Loire,14617.759999999998,113,112,129.36070796460174,457.535888,40,48,1901.0,5065.75,4297.68,3353.33
M00416,FreshMarket 17,Food,Hauts-de-France,14582.99,310,297,47.04190322580645,654.7762510000001,13,32,1194.6099999999997,4598.73,5221.170000000002,3568.48
M00337,ToyLand 38,Toys,Normandie,14478.480000000001,155,150,93.40954838709678,999.0151200000003,46,45,1875.1999999999998,5070.310000000001,4185.58,3347.3899999999994
M00367,BeautyWorld 68,Beauty,Normandie,13903.16,124,121,112.12225806451613,197.42487200000002,41,46,1645.5500000000002,4171.21,4399.91,3686.4900000000002
M00081,FoodMart 82,Food,Normandie,13833.36,226,215,61.209557522123895,665.3846159999999,14,47,1594.79,4343.4,4469.370000000001,3425.8
M00281,VitalShop 82,Health,Bretagne,13622.890000000001,178,172,76.53308988764046,666.1593209999999,44,43,1001.4,4158.07,3795.1400000000003,4668.28
M00332,FoodMart 33,Food,Pays de la Loire,13591.880000000001,227,215,59.87612334801763,430.862596,15,49,1823.79,3634.5,3537.97,4595.619999999999
M00398,FoodHub 99,Food,Pays de la Loire,13549.34,194,186,69.8419587628866,1216.730732,16,50,1067.02,4690.389999999999,4666.83,3125.1000000000004
M00274,TrendyWear 75,Clothing,Provence-Alpes-Côte d'Azur,13029.55,68,66,191.6110294117647,211.07871,50,31,2190.59,4845.0599999999995,2325.6099999999997,3668.29
M00137,ToyLand 38,Toys,Nouvelle-Aquitaine,12936.75,91,89,142.1620879120879,445.0242,47,43,1522.38,3804.879999999999,2854.92,4754.57
M00454,GourmetShop 55,Food,Nouvelle-Aquitaine,12776.009999999998,226,221,56.53101769911504,201.86095799999998,17,44,1261.4099999999999,4489.16,2951.5400000000004,4073.9000000000005
M00364,ToyHub 65,Toys,Occitanie,12641.599999999999,98,98,128.99591836734692,444.98432,48,47,1026.7199999999998,4652.34,3768.3999999999996,3194.1400000000003
M00030,FoodHub 31,Food,Normandie,12612.39,200,189,63.061949999999996,517.10799,18,48,806.2099999999999,4660.509999999999,4526.56,2619.11
M00394,FoodMart 95,Food,Normandie,12584.580000000002,196,192,64.20704081632654,893.5051799999999,19,49,1452.0300000000002,3900.1200000000017,4375.849999999999,2856.58
M00215,FreshMarket 16,Food,Pays de la Loire,12472.919999999998,191,181,65.30324607329842,1045.230696,20,51,1009.0400000000001,3668.0600000000004,3851.01,3944.8099999999995
M00475,BeautyCorner 76,Beauty,Auvergne-Rhône-Alpes,12099.310000000001,149,147,81.20342281879195,710.229497,42,35,1497.17,3523.21,3655.12,3423.8099999999995
M00167,FoodHub 68,Food,Occitanie,12003.950000000003,228,219,52.648903508771944,321.70586000000003,21,48,1240.8,3457.83,3300.7699999999995,4004.55
M00271,FreshMarket 72,Food,Ile-de-France,10993.24,169,165,65.0487573964497,935.5247239999999,22,43,1305.48,3154.28,3217.8699999999994,3315.6099999999997
M00376,BookHaven 77,Books,Nouvelle-Aquitaine,10867.580000000002,291,277,37.34563573883162,823.7625640000001,1,45,1040.78,3438.2600000000007,3488.959999999999,2899.58
M00226,GourmetShop 27,Food,Nouvelle-Aquitaine,10782.150000000001,173,168,62.32456647398845,838.85127,23,46,1112.78,2881.8300000000004,3140.74,3646.7999999999993
M00446,GourmetShop 47,Food,Auvergne-Rhône-Alpes,10671.529999999999,166,163,64.28632530120481,315.877288,24,36,1090.9099999999999,3452.4900000000002,3407.6899999999996,2720.4399999999996
M00017,ToyHub 18,Toys,Provence-Alpes-Côte d'Azur,10497.41,122,122,86.04434426229508,343.265307,49,32,1128.28,2980.15,3490.66,2898.3199999999997
M00136,FoodHub 37,Food,Hauts-de-France,10432.949999999999,187,183,55.791176470588226,429.83754000000005,25,33,928.47,3773.28,3073.5099999999998,2657.6899999999996
M00166,WellnessStore 67,Health,Nouvelle-Aquitaine,10364.26,98,96,105.75775510204082,847.7964680000001,45,47,893.4,3296.6499999999996,4256.67,1917.54
M00010,LibraryShop 11,Books,Occitanie,10298.559999999998,301,288,34.21448504983388,863.0193279999999,2,49,1250.06,3134.0699999999997,3363.71,2550.7200000000003
M00318,GourmetShop 19,Food,Auvergne-Rhône-Alpes,10287.279999999999,245,237,41.98889795918367,304.503488,26,37,1152.9700000000003,3636.4800000000005,3091.8100000000004,2406.0200000000004
M00130,KidsWorld 31,Toys,Auvergne-Rhône-Alpes,10225.189999999999,92,90,111.14336956521738,242.33700299999998,50,38,1327.75,2600.05,2918.55,3378.8399999999992
M00062,GourmetShop 63,Food,Occitanie,9978.7,190,187,52.51947368421053,816.25766,27,50,1237.3899999999999,2714.8900000000003,3058.4400000000005,2967.9800000000005
M00316,FreshMarket 17,Food,Occitanie,9963.08,161,157,61.88248447204969,146.457276,28,51,1320.3799999999999,2330.26,3753.6600000000003,2558.78
M00218,LibraryShop 19,Books,Nouvelle-Aquitaine,9929.75,294,276,33.77465986394558,960.2068249999998,3,48,1148.02,3184.3200000000015,2566.46,3030.95
M00042,FreshMarket 43,Food,Hauts-de-France,9900.98,170,163,58.24105882352941,213.861168,29,34,1067.4099999999999,3157.72,2872.8199999999997,2803.03
M00419,FreshMarket 20,Food,Auvergne-Rhône-Alpes,9633.250000000002,172,164,56.00726744186048,829.4228249999999,30,39,639.1400000000001,3419.62,3254.0699999999997,2320.42
M00455,FoodHub 56,Food,Occitanie,9419.11,127,125,74.16622047244095,459.65256800000003,31,52,1345.33,2802.5899999999997,2323.02,2948.17
M00227,FoodHub 28,Food,Normandie,9078.79,161,158,56.39000000000001,837.0644379999999,32,50,781.1599999999999,2332.8300000000004,3431.24,2533.5600000000004
M00169,BookHaven 70,Books,Ile-de-France,9078.130000000001,252,240,36.024325396825404,399.43772,4,44,758.51,2639.57,2967.12,2712.9300000000003
M00360,ReadMore 61,Books,Auvergne-Rhône-Alpes,9027.050000000001,277,266,32.58862815884477,649.9476,5,40,803.79,3001.76,2924.0699999999997,2297.4300000000003
M00449,BookCorner 50,Books,Pays de la Loire,9010.89,286,278,31.50660839160839,288.34848,6,52,849.31,3329.5600000000004,2829.2200000000003,2002.8000000000004
M00057,FoodHub 58,Food,Normandie,8913.79,142,139,62.773169014084516,436.77571,33,51,985.56,2608.620000000001,2151.3,3168.3100000000004
M00412,BookHaven 13,Books,Hauts-de-France,8748.11,251,245,34.85302788844622,621.1158099999999,7,35,1144.1800000000003,2704.0700000000006,2479.6900000000005,2420.17
M00182,LibraryShop 83,Books,Bretagne,8690.460000000001,232,224,37.458879310344834,422.35635599999995,8,44,926.19,2451.0299999999997,2667.5600000000004,2645.6800000000003
M00214,LibraryShop 15,Books,Provence-Alpes-Côte d'Azur,8658.240000000002,249,231,34.77204819277109,709.97568,9,33,976.5,2820.2000000000007,2418.4699999999993,2443.0699999999997
M00442,GourmetShop 43,Food,Pays de la Loire,8388.150000000001,151,151,55.55066225165564,328.81548,34,53,1192.0499999999997,3075.370000000001,2337.24,1783.4899999999998
M00002,FoodMart 3,Food,Normandie,8312.22,197,191,42.194010152284264,758.9056860000001,35,52,742.5999999999999,2106.5,3607.409999999999,1855.71
M00064,FreshMarket 65,Food,Provence-Alpes-Côte d'Azur,8252.449999999999,132,131,62.518560606060596,278.9328099999999,36,34,751.23,2389.3999999999996,2840.2200000000003,2271.6
M00106,FreshMarket 7,Food,Auvergne-Rhône-Alpes,8020.33,140,135,57.28807142857143,660.0731589999999,37,41,837.78,2224.96,2155.96,2801.6299999999997
M00070,FreshMarket 71,Food,Ile-de-France,7983.08,122,121,65.43508196721311,542.051132,38,45,1007.87,2531.1400000000003,2289.51,2154.56
M00288,BookHaven 89,Books,Bretagne,7883.95,266,259,29.63890977443609,309.05084,10,45,674.34,2600.0099999999993,2664.2700000000004,1945.3300000000004
M00385,FoodMart 86,Food,Bretagne,7811.19,141,140,55.39851063829787,661.6077929999999,39,46,898.5799999999999,2800.9300000000003,2084.12,2027.5600000000002
M00410,LibraryShop 11,Books,Hauts-de-France,7535.5700000000015,208,201,36.22870192307693,749.789215,11,36,552.08,2446.09,2135.99,2401.4100000000003
M00040,ReadMore 41,Books,Ile-de-France,7514.519999999999,195,186,38.535999999999994,183.35428800000005,12,46,630.14,2437.38,1992.75,2454.25
M00023,LibraryShop 24,Books,Normandie,7346.26,220,214,33.39209090909091,719.9334799999999,13,53,1062.8100000000002,2257.5399999999995,2122.93,1902.98
M00240,BookCorner 41,Books,Hauts-de-France,7093.06,218,213,32.536972477064225,378.769404,14,37,542.1600000000001,2237.2299999999996,2529.04,1784.6300000000006
M00311,BookCorner 12,Books,Normandie,6953.88,176,172,39.510681818181816,381.072624,15,54,774.2099999999998,1767.28,2633.3200000000006,1779.0700000000002
M00016,BookCorner 17,Books,Normandie,6909.560000000001,192,190,35.98729166666667,424.246984,16,55,897.4300000000001,2219.17,2049.66,1743.3000000000002
M00242,BookHaven 43,Books,Occitanie,6830.6100000000015,246,239,27.766707317073177,628.4161199999999,17,53,1075.84,2159.4799999999996,1554.9800000000002,2040.31
M00315,FoodMart 16,Food,Provence-Alpes-Côte d'Azur,6755.35,98,95,68.93214285714286,136.45807,40,35,277.92,1998.9,1875.3900000000003,2603.1400000000003
M00381,GourmetShop 82,Food,Normandie,6643.57,150,147,44.29046666666667,150.80903900000004,41,56,575.01,2088.93,1930.16,2049.4700000000003
M00441,BookHaven 42,Books,Provence-Alpes-Côte d'Azur,6592.32,194,192,33.98103092783505,570.23568,18,36,534.24,2107.2200000000003,2080.84,1870.02
M00036,BookHaven 37,Books,Provence-Alpes-Côte d'Azur,6264.54,201,190,31.16686567164179,434.1326220000001,19,37,564.49,1937.9999999999995,2170.5700000000006,1591.48
M00078,BookHaven 79,Books,Ile-de-France,6227.130000000001,182,180,34.215,585.35022,20,47,360.82,1710.1799999999998,2014.73,2141.4000000000005
M00095,LibraryShop 96,Books,Hauts-de-France,6203.7300000000005,203,201,30.560246305418723,506.844741,21,38,735.0899999999999,1797.94,1602.21,2068.49
M00098,BookCorner 99,Books,Bretagne,6042.190000000001,201,197,30.06064676616916,538.3591289999999,22,47,814.1000000000001,2051.6900000000005,1578.6,1597.8
M00224,ReadMore 25,Books,Bretagne,5947.94,228,221,26.087456140350877,390.779658,23,48,729.41,1793.4000000000005,1779.75,1645.38
M00278,BookHaven 79,Books,Nouvelle-Aquitaine,5937.22,151,150,39.319337748344374,529.006302,24,49,627.48,1541.4599999999998,2470.87,1297.4099999999999
M00123,BookHaven 24,Books,Hauts-de-France,5867.450000000001,219,205,26.792009132420095,302.173675,25,39,511.26,2207.5699999999997,1502.5299999999997,1646.0900000000001
M00277,LibraryShop 78,Books,Nouvelle-Aquitaine,5620.590000000002,206,198,27.284417475728166,560.934882,26,50,570.97,1377.3799999999997,1860.0100000000002,1812.2299999999996
M00439,LibraryShop 40,Books,Bretagne,5619.68,168,167,33.450476190476195,164.094656,27,49,605.83,1883.1100000000001,1695.98,1434.7600000000002
M00351,SportHub 52,Sports,Grand Est,5225.139999999999,17,17,307.3611764705882,173.997162,48,41,672.7900000000001,1060.15,2138.88,1353.32
M00243,FreshMarket 44,Food,Occitanie,5223.11,113,112,46.22221238938053,119.08690800000001,42,54,573.17,1498.1000000000001,2001.6,1150.24
M00395,ReadMore 96,Books,Normandie,5212.32,158,155,32.989367088607594,88.60944,28,57,422.98999999999995,1466.7099999999998,1643.8700000000001,1678.75
M00032,BookHaven 33,Books,Nouvelle-Aquitaine,5134.68,164,163,31.309024390243906,308.59426800000006,29,51,448.16999999999996,1738.67,1718.98,1228.86
M00453,BookHaven 54,Books,Nouvelle-Aquitaine,5079.91,127,125,39.99929133858267,284.47496000000007,30,52,340.21000000000004,1786.07,1636.44,1317.19
M00054,BookHaven 55,Books,Bretagne,5026.960000000001,208,206,24.168076923076928,219.175456,31,50,398.22999999999996,1507.6000000000001,1666.4299999999998,1454.6999999999998
M00272,BookHaven 73,Books,Occitanie,5023.73,204,196,24.62612745098039,72.341712,32,55,526.42,1817.12,1795.73,884.46
M00344,LibraryShop 45,Books,Bretagne,4977.67,213,204,23.369342723004696,162.769809,33,51,499.88,1636.9399999999998,1354.1,1486.75
M00075,FreshMarket 76,Food,Hauts-de-France,4917.75,181,175,27.16988950276243,252.77235000000002,43,40,474.21,1211.4,2192.6600000000003,1039.48
M00355,ReadMore 56,Books,Nouvelle-Aquitaine,4881.02,147,144,33.20421768707483,302.62324,34,53,278.25,1869.3000000000002,1181.5,1551.9699999999998
M00300,ReadMore 1,Books,Occitanie,4806.42,155,153,31.00916129032258,408.5457,35,56,447.78000000000003,1732.8200000000002,1110.2,1515.62
M00092,BookHaven 93,Books,Normandie,4741.0599999999995,124,123,38.23435483870967,62.10788600000001,36,58,467.37,1374.99,1240.76,1657.94
M00462,ReadMore 63,Books,Bretagne,4721.510000000001,168,165,28.104226190476197,279.51339200000007,37,52,741.13,1335.3999999999999,1622.84,1022.1400000000001
M00091,ReadMore 92,Books,Bretagne,4719.429999999999,194,187,24.326958762886594,158.100905,38,53,525.4,1464.8400000000001,1371.6799999999998,1357.5100000000002
M00298,BookHaven 99,Books,Hauts-de-France,4702.73,171,168,27.501345029239765,49.848938000000004,39,41,374.19,1742.69,1223.1399999999999,1362.71
M00496,ReadMore 97,Books,Bretagne,4700.4400000000005,174,168,27.01402298850575,411.75854400000003,40,54,463.34,1429.48,1710.9299999999998,1096.69
M00038,LibraryShop 39,Books,Bretagne,4598.37,145,142,31.712896551724135,359.59253400000006,41,55,632.38,1232.8899999999999,1469.7800000000002,1263.32
M00347,LibraryShop 48,Books,Bretagne,4581.299999999999,138,131,33.19782608695652,215.3211,42,56,580.56,1427.45,1192.6,1380.69
M00150,BookCorner 51,Books,Occitanie,4566.91,130,127,35.13007692307692,252.093432,43,57,352.79,1581.7500000000005,1489.3200000000002,1143.05
M00425,BookCorner 26,Books,Pays de la Loire,4554.020000000001,185,180,24.61632432432433,139.80841400000003,44,54,263.92,1406.26,1341.21,1542.6299999999999
M00028,ReadMore 29,Books,Bretagne,4507.720000000001,158,154,28.529873417721525,101.874472,45,57,467.7,1421.0099999999998,1150.1599999999999,1468.8500000000004
M00037,ReadMore 38,Books,Hauts-de-France,4476.85,125,122,35.814800000000005,125.799485,46,42,340.48,1347.23,1483.8900000000003,1305.2499999999998
M00362,BookHaven 63,Books,Occitanie,4459.49,100,100,44.594899999999996,45.486798,47,58,416.63,1749.21,1274.0499999999997,1019.5999999999999
M00302,LibraryShop 3,Books,Provence-Alpes-Côte d'Azur,4323.920000000001,156,153,27.717435897435905,374.4514719999999,48,38,435.9,1500.5900000000001,1281.4900000000002,1105.9400000000003
M00327,LibraryShop 28,Books,Hauts-de-France,4181.37,141,137,29.655106382978722,166.00038899999998,49,43,313.41999999999996,1283.36,1163.94,1420.65
M00241,BookCorner 42,Books,Normandie,4161.860000000001,146,143,28.50589041095891,406.613722,50,59,394.52,1546.9400000000003,1481.2199999999998,739.1799999999998
M00377,ReadMore 78,Books,Nouvelle-Aquitaine,4068.2200000000003,148,144,27.487972972972976,181.03579,51,54,593.37,1242.23,1205.0500000000002,1027.57
M00234,ReadMore 35,Books,Provence-Alpes-Côte d'Azur,3484.2799999999997,127,126,27.43527559055118,118.81394800000001,52,39,371.33000000000004,1194.0600000000002,920.96,997.93
M00124,LibraryShop 25,Books,Grand Est,3484.09,161,156,21.640310559006213,246.673572,53,42,298.81,1102.97,1248.56,833.7500000000002
M00026,ReadMore 27,Books,Auvergne-Rhône-Alpes,3415.32,105,104,32.526857142857146,136.271268,54,42,315.29999999999995,897.65,841.74,1360.63
M00495,BookHaven 96,Books,Bretagne,2996.3500000000004,124,123,24.16411290322581,74.90875,55,58,276.75000000000006,1146.5900000000001,845.2900000000001,727.72
M00323,ReadMore 24,Books,Normandie,2960.2299999999996,105,100,28.192666666666664,129.95409700000002,56,60,198.2,1076.44,1132.48,553.1099999999999
M00065,ReadMore 66,Books,Auvergne-Rhône-Alpes,2953.6800000000003,110,107,26.851636363636366,265.240464,57,43,318.58000000000004,934.02,955.1500000000001,745.93
M00079,SportZone 80,Sports,Pays de la Loire,2928.28,22,22,133.10363636363638,212.593128,49,55,335.28999999999996,936.4300000000001,170.54,1486.02
M00445,ToyLand 46,Toys,Normandie,1683.35,17,17,99.02058823529411,75.245745,51,61,0.0,513.74,739.31,430.29999999999995
